{"frames":{"1,1":{"frame":{"x":0,"y":0,"w":64,"h":64},"rotated":false,"trimmed":false,"spriteSourceSize":{"x":0,"y":0,"w":64,"h":64},"sourceSize":{"w":64,"h":64},"pivot":{"x":0.5,"y":0.5}},"1,2":{"frame":{"x":0,"y":64,"w":64,"h":64},"rotated":false,"trimmed":false,"spriteSourceSize":{"x":0,"y":64,"w":64,"h":64},"sourceSize":{"w":64,"h":64},"pivot":{"x":0.5,"y":0.5}},"1,3":{"frame":{"x":0,"y":128,"w":64,"h":64},"rotated":false,"trimmed":false,"spriteSourceSize":{"x":0,"y":128,"w":64,"h":64},"sourceSize":{"w":64,"h":64},"pivot":{"x":0.5,"y":0.5}},"1,4":{"frame":{"x":0,"y":192,"w":64,"h":64},"rotated":false,"trimmed":false,"spriteSourceSize":{"x":0,"y":192,"w":64,"h":64},"sourceSize":{"w":64,"h":64},"pivot":{"x":0.5,"y":0.5}},"1,5":{"frame":{"x":0,"y":256,"w":64,"h":64},"rotated":false,"trimmed":false,"spriteSourceSize":{"x":0,"y":256,"w":64,"h":64},"sourceSize":{"w":64,"h":64},"pivot":{"x":0.5,"y":0.5}},"1,6":{"frame":{"x":0,"y":320,"w":64,"h":64},"rotated":false,"trimmed":false,"spriteSourceSize":{"x":0,"y":320,"w":64,"h":64},"sourceSize":{"w":64,"h":64},"pivot":{"x":0.5,"y":0.5}},"1,7":{"frame":{"x":0,"y":384,"w":64,"h":64},"rotated":false,"trimmed":false,"spriteSourceSize":{"x":0,"y":384,"w":64,"h":64},"sourceSize":{"w":64,"h":64},"pivot":{"x":0.5,"y":0.5}},"1,8":{"frame":{"x":0,"y":448,"w":64,"h":64},"rotated":false,"trimmed":false,"spriteSourceSize":{"x":0,"y":448,"w":64,"h":64},"sourceSize":{"w":64,"h":64},"pivot":{"x":0.5,"y":0.5}},"1,9":{"frame":{"x":0,"y":512,"w":64,"h":64},"rotated":false,"trimmed":false,"spriteSourceSize":{"x":0,"y":512,"w":64,"h":64},"sourceSize":{"w":64,"h":64},"pivot":{"x":0.5,"y":0.5}},"1,10":{"frame":{"x":0,"y":576,"w":64,"h":64},"rotated":false,"trimmed":false,"spriteSourceSize":{"x":0,"y":576,"w":64,"h":64},"sourceSize":{"w":64,"h":64},"pivot":{"x":0.5,"y":0.5}},"1,11":{"frame":{"x":0,"y":640,"w":64,"h":64},"rotated":false,"trimmed":false,"spriteSourceSize":{"x":0,"y":640,"w":64,"h":64},"sourceSize":{"w":64,"h":64},"pivot":{"x":0.5,"y":0.5}},"1,12":{"frame":{"x":0,"y":704,"w":64,"h":64},"rotated":false,"trimmed":false,"spriteSourceSize":{"x":0,"y":704,"w":64,"h":64},"sourceSize":{"w":64,"h":64},"pivot":{"x":0.5,"y":0.5}},"1,13":{"frame":{"x":0,"y":768,"w":64,"h":64},"rotated":false,"trimmed":false,"spriteSourceSize":{"x":0,"y":768,"w":64,"h":64},"sourceSize":{"w":64,"h":64},"pivot":{"x":0.5,"y":0.5}},"1,14":{"frame":{"x":0,"y":832,"w":64,"h":64},"rotated":false,"trimmed":false,"spriteSourceSize":{"x":0,"y":832,"w":64,"h":64},"sourceSize":{"w":64,"h":64},"pivot":{"x":0.5,"y":0.5}},"1,15":{"frame":{"x":0,"y":896,"w":64,"h":64},"rotated":false,"trimmed":false,"spriteSourceSize":{"x":0,"y":896,"w":64,"h":64},"sourceSize":{"w":64,"h":64},"pivot":{"x":0.5,"y":0.5}},"1,16":{"frame":{"x":0,"y":960,"w":64,"h":64},"rotated":false,"trimmed":false,"spriteSourceSize":{"x":0,"y":960,"w":64,"h":64},"sourceSize":{"w":64,"h":64},"pivot":{"x":0.5,"y":0.5}},"2,1":{"frame":{"x":64,"y":0,"w":64,"h":64},"rotated":false,"trimmed":false,"spriteSourceSize":{"x":64,"y":0,"w":64,"h":64},"sourceSize":{"w":64,"h":64},"pivot":{"x":0.5,"y":0.5}},"2,2":{"frame":{"x":64,"y":64,"w":64,"h":64},"rotated":false,"trimmed":false,"spriteSourceSize":{"x":64,"y":64,"w":64,"h":64},"sourceSize":{"w":64,"h":64},"pivot":{"x":0.5,"y":0.5}},"2,3":{"frame":{"x":64,"y":128,"w":64,"h":64},"rotated":false,"trimmed":false,"spriteSourceSize":{"x":64,"y":128,"w":64,"h":64},"sourceSize":{"w":64,"h":64},"pivot":{"x":0.5,"y":0.5}},"2,4":{"frame":{"x":64,"y":192,"w":64,"h":64},"rotated":false,"trimmed":false,"spriteSourceSize":{"x":64,"y":192,"w":64,"h":64},"sourceSize":{"w":64,"h":64},"pivot":{"x":0.5,"y":0.5}},"2,5":{"frame":{"x":64,"y":256,"w":64,"h":64},"rotated":false,"trimmed":false,"spriteSourceSize":{"x":64,"y":256,"w":64,"h":64},"sourceSize":{"w":64,"h":64},"pivot":{"x":0.5,"y":0.5}},"2,6":{"frame":{"x":64,"y":320,"w":64,"h":64},"rotated":false,"trimmed":false,"spriteSourceSize":{"x":64,"y":320,"w":64,"h":64},"sourceSize":{"w":64,"h":64},"pivot":{"x":0.5,"y":0.5}},"2,7":{"frame":{"x":64,"y":384,"w":64,"h":64},"rotated":false,"trimmed":false,"spriteSourceSize":{"x":64,"y":384,"w":64,"h":64},"sourceSize":{"w":64,"h":64},"pivot":{"x":0.5,"y":0.5}},"2,8":{"frame":{"x":64,"y":448,"w":64,"h":64},"rotated":false,"trimmed":false,"spriteSourceSize":{"x":64,"y":448,"w":64,"h":64},"sourceSize":{"w":64,"h":64},"pivot":{"x":0.5,"y":0.5}},"2,9":{"frame":{"x":64,"y":512,"w":64,"h":64},"rotated":false,"trimmed":false,"spriteSourceSize":{"x":64,"y":512,"w":64,"h":64},"sourceSize":{"w":64,"h":64},"pivot":{"x":0.5,"y":0.5}},"2,10":{"frame":{"x":64,"y":576,"w":64,"h":64},"rotated":false,"trimmed":false,"spriteSourceSize":{"x":64,"y":576,"w":64,"h":64},"sourceSize":{"w":64,"h":64},"pivot":{"x":0.5,"y":0.5}},"2,11":{"frame":{"x":64,"y":640,"w":64,"h":64},"rotated":false,"trimmed":false,"spriteSourceSize":{"x":64,"y":640,"w":64,"h":64},"sourceSize":{"w":64,"h":64},"pivot":{"x":0.5,"y":0.5}},"2,12":{"frame":{"x":64,"y":704,"w":64,"h":64},"rotated":false,"trimmed":false,"spriteSourceSize":{"x":64,"y":704,"w":64,"h":64},"sourceSize":{"w":64,"h":64},"pivot":{"x":0.5,"y":0.5}},"2,13":{"frame":{"x":64,"y":768,"w":64,"h":64},"rotated":false,"trimmed":false,"spriteSourceSize":{"x":64,"y":768,"w":64,"h":64},"sourceSize":{"w":64,"h":64},"pivot":{"x":0.5,"y":0.5}},"2,14":{"frame":{"x":64,"y":832,"w":64,"h":64},"rotated":false,"trimmed":false,"spriteSourceSize":{"x":64,"y":832,"w":64,"h":64},"sourceSize":{"w":64,"h":64},"pivot":{"x":0.5,"y":0.5}},"2,15":{"frame":{"x":64,"y":896,"w":64,"h":64},"rotated":false,"trimmed":false,"spriteSourceSize":{"x":64,"y":896,"w":64,"h":64},"sourceSize":{"w":64,"h":64},"pivot":{"x":0.5,"y":0.5}},"2,16":{"frame":{"x":64,"y":960,"w":64,"h":64},"rotated":false,"trimmed":false,"spriteSourceSize":{"x":64,"y":960,"w":64,"h":64},"sourceSize":{"w":64,"h":64},"pivot":{"x":0.5,"y":0.5}},"3,1":{"frame":{"x":128,"y":0,"w":64,"h":64},"rotated":false,"trimmed":false,"spriteSourceSize":{"x":128,"y":0,"w":64,"h":64},"sourceSize":{"w":64,"h":64},"pivot":{"x":0.5,"y":0.5}},"3,2":{"frame":{"x":128,"y":64,"w":64,"h":64},"rotated":false,"trimmed":false,"spriteSourceSize":{"x":128,"y":64,"w":64,"h":64},"sourceSize":{"w":64,"h":64},"pivot":{"x":0.5,"y":0.5}},"3,3":{"frame":{"x":128,"y":128,"w":64,"h":64},"rotated":false,"trimmed":false,"spriteSourceSize":{"x":128,"y":128,"w":64,"h":64},"sourceSize":{"w":64,"h":64},"pivot":{"x":0.5,"y":0.5}},"3,4":{"frame":{"x":128,"y":192,"w":64,"h":64},"rotated":false,"trimmed":false,"spriteSourceSize":{"x":128,"y":192,"w":64,"h":64},"sourceSize":{"w":64,"h":64},"pivot":{"x":0.5,"y":0.5}},"3,5":{"frame":{"x":128,"y":256,"w":64,"h":64},"rotated":false,"trimmed":false,"spriteSourceSize":{"x":128,"y":256,"w":64,"h":64},"sourceSize":{"w":64,"h":64},"pivot":{"x":0.5,"y":0.5}},"3,6":{"frame":{"x":128,"y":320,"w":64,"h":64},"rotated":false,"trimmed":false,"spriteSourceSize":{"x":128,"y":320,"w":64,"h":64},"sourceSize":{"w":64,"h":64},"pivot":{"x":0.5,"y":0.5}},"3,7":{"frame":{"x":128,"y":384,"w":64,"h":64},"rotated":false,"trimmed":false,"spriteSourceSize":{"x":128,"y":384,"w":64,"h":64},"sourceSize":{"w":64,"h":64},"pivot":{"x":0.5,"y":0.5}},"3,8":{"frame":{"x":128,"y":448,"w":64,"h":64},"rotated":false,"trimmed":false,"spriteSourceSize":{"x":128,"y":448,"w":64,"h":64},"sourceSize":{"w":64,"h":64},"pivot":{"x":0.5,"y":0.5}},"3,9":{"frame":{"x":128,"y":512,"w":64,"h":64},"rotated":false,"trimmed":false,"spriteSourceSize":{"x":128,"y":512,"w":64,"h":64},"sourceSize":{"w":64,"h":64},"pivot":{"x":0.5,"y":0.5}},"3,10":{"frame":{"x":128,"y":576,"w":64,"h":64},"rotated":false,"trimmed":false,"spriteSourceSize":{"x":128,"y":576,"w":64,"h":64},"sourceSize":{"w":64,"h":64},"pivot":{"x":0.5,"y":0.5}},"3,11":{"frame":{"x":128,"y":640,"w":64,"h":64},"rotated":false,"trimmed":false,"spriteSourceSize":{"x":128,"y":640,"w":64,"h":64},"sourceSize":{"w":64,"h":64},"pivot":{"x":0.5,"y":0.5}},"3,12":{"frame":{"x":128,"y":704,"w":64,"h":64},"rotated":false,"trimmed":false,"spriteSourceSize":{"x":128,"y":704,"w":64,"h":64},"sourceSize":{"w":64,"h":64},"pivot":{"x":0.5,"y":0.5}},"3,13":{"frame":{"x":128,"y":768,"w":64,"h":64},"rotated":false,"trimmed":false,"spriteSourceSize":{"x":128,"y":768,"w":64,"h":64},"sourceSize":{"w":64,"h":64},"pivot":{"x":0.5,"y":0.5}},"3,14":{"frame":{"x":128,"y":832,"w":64,"h":64},"rotated":false,"trimmed":false,"spriteSourceSize":{"x":128,"y":832,"w":64,"h":64},"sourceSize":{"w":64,"h":64},"pivot":{"x":0.5,"y":0.5}},"3,15":{"frame":{"x":128,"y":896,"w":64,"h":64},"rotated":false,"trimmed":false,"spriteSourceSize":{"x":128,"y":896,"w":64,"h":64},"sourceSize":{"w":64,"h":64},"pivot":{"x":0.5,"y":0.5}},"3,16":{"frame":{"x":128,"y":960,"w":64,"h":64},"rotated":false,"trimmed":false,"spriteSourceSize":{"x":128,"y":960,"w":64,"h":64},"sourceSize":{"w":64,"h":64},"pivot":{"x":0.5,"y":0.5}},"4,1":{"frame":{"x":192,"y":0,"w":64,"h":64},"rotated":false,"trimmed":false,"spriteSourceSize":{"x":192,"y":0,"w":64,"h":64},"sourceSize":{"w":64,"h":64},"pivot":{"x":0.5,"y":0.5}},"4,2":{"frame":{"x":192,"y":64,"w":64,"h":64},"rotated":false,"trimmed":false,"spriteSourceSize":{"x":192,"y":64,"w":64,"h":64},"sourceSize":{"w":64,"h":64},"pivot":{"x":0.5,"y":0.5}},"4,3":{"frame":{"x":192,"y":128,"w":64,"h":64},"rotated":false,"trimmed":false,"spriteSourceSize":{"x":192,"y":128,"w":64,"h":64},"sourceSize":{"w":64,"h":64},"pivot":{"x":0.5,"y":0.5}},"4,4":{"frame":{"x":192,"y":192,"w":64,"h":64},"rotated":false,"trimmed":false,"spriteSourceSize":{"x":192,"y":192,"w":64,"h":64},"sourceSize":{"w":64,"h":64},"pivot":{"x":0.5,"y":0.5}},"4,5":{"frame":{"x":192,"y":256,"w":64,"h":64},"rotated":false,"trimmed":false,"spriteSourceSize":{"x":192,"y":256,"w":64,"h":64},"sourceSize":{"w":64,"h":64},"pivot":{"x":0.5,"y":0.5}},"4,6":{"frame":{"x":192,"y":320,"w":64,"h":64},"rotated":false,"trimmed":false,"spriteSourceSize":{"x":192,"y":320,"w":64,"h":64},"sourceSize":{"w":64,"h":64},"pivot":{"x":0.5,"y":0.5}},"4,7":{"frame":{"x":192,"y":384,"w":64,"h":64},"rotated":false,"trimmed":false,"spriteSourceSize":{"x":192,"y":384,"w":64,"h":64},"sourceSize":{"w":64,"h":64},"pivot":{"x":0.5,"y":0.5}},"4,8":{"frame":{"x":192,"y":448,"w":64,"h":64},"rotated":false,"trimmed":false,"spriteSourceSize":{"x":192,"y":448,"w":64,"h":64},"sourceSize":{"w":64,"h":64},"pivot":{"x":0.5,"y":0.5}},"4,9":{"frame":{"x":192,"y":512,"w":64,"h":64},"rotated":false,"trimmed":false,"spriteSourceSize":{"x":192,"y":512,"w":64,"h":64},"sourceSize":{"w":64,"h":64},"pivot":{"x":0.5,"y":0.5}},"4,10":{"frame":{"x":192,"y":576,"w":64,"h":64},"rotated":false,"trimmed":false,"spriteSourceSize":{"x":192,"y":576,"w":64,"h":64},"sourceSize":{"w":64,"h":64},"pivot":{"x":0.5,"y":0.5}},"4,11":{"frame":{"x":192,"y":640,"w":64,"h":64},"rotated":false,"trimmed":false,"spriteSourceSize":{"x":192,"y":640,"w":64,"h":64},"sourceSize":{"w":64,"h":64},"pivot":{"x":0.5,"y":0.5}},"4,12":{"frame":{"x":192,"y":704,"w":64,"h":64},"rotated":false,"trimmed":false,"spriteSourceSize":{"x":192,"y":704,"w":64,"h":64},"sourceSize":{"w":64,"h":64},"pivot":{"x":0.5,"y":0.5}},"4,13":{"frame":{"x":192,"y":768,"w":64,"h":64},"rotated":false,"trimmed":false,"spriteSourceSize":{"x":192,"y":768,"w":64,"h":64},"sourceSize":{"w":64,"h":64},"pivot":{"x":0.5,"y":0.5}},"4,14":{"frame":{"x":192,"y":832,"w":64,"h":64},"rotated":false,"trimmed":false,"spriteSourceSize":{"x":192,"y":832,"w":64,"h":64},"sourceSize":{"w":64,"h":64},"pivot":{"x":0.5,"y":0.5}},"4,15":{"frame":{"x":192,"y":896,"w":64,"h":64},"rotated":false,"trimmed":false,"spriteSourceSize":{"x":192,"y":896,"w":64,"h":64},"sourceSize":{"w":64,"h":64},"pivot":{"x":0.5,"y":0.5}},"4,16":{"frame":{"x":192,"y":960,"w":64,"h":64},"rotated":false,"trimmed":false,"spriteSourceSize":{"x":192,"y":960,"w":64,"h":64},"sourceSize":{"w":64,"h":64},"pivot":{"x":0.5,"y":0.5}},"5,1":{"frame":{"x":256,"y":0,"w":64,"h":64},"rotated":false,"trimmed":false,"spriteSourceSize":{"x":256,"y":0,"w":64,"h":64},"sourceSize":{"w":64,"h":64},"pivot":{"x":0.5,"y":0.5}},"5,2":{"frame":{"x":256,"y":64,"w":64,"h":64},"rotated":false,"trimmed":false,"spriteSourceSize":{"x":256,"y":64,"w":64,"h":64},"sourceSize":{"w":64,"h":64},"pivot":{"x":0.5,"y":0.5}},"5,3":{"frame":{"x":256,"y":128,"w":64,"h":64},"rotated":false,"trimmed":false,"spriteSourceSize":{"x":256,"y":128,"w":64,"h":64},"sourceSize":{"w":64,"h":64},"pivot":{"x":0.5,"y":0.5}},"5,4":{"frame":{"x":256,"y":192,"w":64,"h":64},"rotated":false,"trimmed":false,"spriteSourceSize":{"x":256,"y":192,"w":64,"h":64},"sourceSize":{"w":64,"h":64},"pivot":{"x":0.5,"y":0.5}},"5,5":{"frame":{"x":256,"y":256,"w":64,"h":64},"rotated":false,"trimmed":false,"spriteSourceSize":{"x":256,"y":256,"w":64,"h":64},"sourceSize":{"w":64,"h":64},"pivot":{"x":0.5,"y":0.5}},"5,6":{"frame":{"x":256,"y":320,"w":64,"h":64},"rotated":false,"trimmed":false,"spriteSourceSize":{"x":256,"y":320,"w":64,"h":64},"sourceSize":{"w":64,"h":64},"pivot":{"x":0.5,"y":0.5}},"5,7":{"frame":{"x":256,"y":384,"w":64,"h":64},"rotated":false,"trimmed":false,"spriteSourceSize":{"x":256,"y":384,"w":64,"h":64},"sourceSize":{"w":64,"h":64},"pivot":{"x":0.5,"y":0.5}},"5,8":{"frame":{"x":256,"y":448,"w":64,"h":64},"rotated":false,"trimmed":false,"spriteSourceSize":{"x":256,"y":448,"w":64,"h":64},"sourceSize":{"w":64,"h":64},"pivot":{"x":0.5,"y":0.5}},"5,9":{"frame":{"x":256,"y":512,"w":64,"h":64},"rotated":false,"trimmed":false,"spriteSourceSize":{"x":256,"y":512,"w":64,"h":64},"sourceSize":{"w":64,"h":64},"pivot":{"x":0.5,"y":0.5}},"5,10":{"frame":{"x":256,"y":576,"w":64,"h":64},"rotated":false,"trimmed":false,"spriteSourceSize":{"x":256,"y":576,"w":64,"h":64},"sourceSize":{"w":64,"h":64},"pivot":{"x":0.5,"y":0.5}},"5,11":{"frame":{"x":256,"y":640,"w":64,"h":64},"rotated":false,"trimmed":false,"spriteSourceSize":{"x":256,"y":640,"w":64,"h":64},"sourceSize":{"w":64,"h":64},"pivot":{"x":0.5,"y":0.5}},"5,12":{"frame":{"x":256,"y":704,"w":64,"h":64},"rotated":false,"trimmed":false,"spriteSourceSize":{"x":256,"y":704,"w":64,"h":64},"sourceSize":{"w":64,"h":64},"pivot":{"x":0.5,"y":0.5}},"5,13":{"frame":{"x":256,"y":768,"w":64,"h":64},"rotated":false,"trimmed":false,"spriteSourceSize":{"x":256,"y":768,"w":64,"h":64},"sourceSize":{"w":64,"h":64},"pivot":{"x":0.5,"y":0.5}},"5,14":{"frame":{"x":256,"y":832,"w":64,"h":64},"rotated":false,"trimmed":false,"spriteSourceSize":{"x":256,"y":832,"w":64,"h":64},"sourceSize":{"w":64,"h":64},"pivot":{"x":0.5,"y":0.5}},"5,15":{"frame":{"x":256,"y":896,"w":64,"h":64},"rotated":false,"trimmed":false,"spriteSourceSize":{"x":256,"y":896,"w":64,"h":64},"sourceSize":{"w":64,"h":64},"pivot":{"x":0.5,"y":0.5}},"5,16":{"frame":{"x":256,"y":960,"w":64,"h":64},"rotated":false,"trimmed":false,"spriteSourceSize":{"x":256,"y":960,"w":64,"h":64},"sourceSize":{"w":64,"h":64},"pivot":{"x":0.5,"y":0.5}},"6,1":{"frame":{"x":320,"y":0,"w":64,"h":64},"rotated":false,"trimmed":false,"spriteSourceSize":{"x":320,"y":0,"w":64,"h":64},"sourceSize":{"w":64,"h":64},"pivot":{"x":0.5,"y":0.5}},"6,2":{"frame":{"x":320,"y":64,"w":64,"h":64},"rotated":false,"trimmed":false,"spriteSourceSize":{"x":320,"y":64,"w":64,"h":64},"sourceSize":{"w":64,"h":64},"pivot":{"x":0.5,"y":0.5}},"6,3":{"frame":{"x":320,"y":128,"w":64,"h":64},"rotated":false,"trimmed":false,"spriteSourceSize":{"x":320,"y":128,"w":64,"h":64},"sourceSize":{"w":64,"h":64},"pivot":{"x":0.5,"y":0.5}},"6,4":{"frame":{"x":320,"y":192,"w":64,"h":64},"rotated":false,"trimmed":false,"spriteSourceSize":{"x":320,"y":192,"w":64,"h":64},"sourceSize":{"w":64,"h":64},"pivot":{"x":0.5,"y":0.5}},"6,5":{"frame":{"x":320,"y":256,"w":64,"h":64},"rotated":false,"trimmed":false,"spriteSourceSize":{"x":320,"y":256,"w":64,"h":64},"sourceSize":{"w":64,"h":64},"pivot":{"x":0.5,"y":0.5}},"6,6":{"frame":{"x":320,"y":320,"w":64,"h":64},"rotated":false,"trimmed":false,"spriteSourceSize":{"x":320,"y":320,"w":64,"h":64},"sourceSize":{"w":64,"h":64},"pivot":{"x":0.5,"y":0.5}},"6,7":{"frame":{"x":320,"y":384,"w":64,"h":64},"rotated":false,"trimmed":false,"spriteSourceSize":{"x":320,"y":384,"w":64,"h":64},"sourceSize":{"w":64,"h":64},"pivot":{"x":0.5,"y":0.5}},"6,8":{"frame":{"x":320,"y":448,"w":64,"h":64},"rotated":false,"trimmed":false,"spriteSourceSize":{"x":320,"y":448,"w":64,"h":64},"sourceSize":{"w":64,"h":64},"pivot":{"x":0.5,"y":0.5}},"6,9":{"frame":{"x":320,"y":512,"w":64,"h":64},"rotated":false,"trimmed":false,"spriteSourceSize":{"x":320,"y":512,"w":64,"h":64},"sourceSize":{"w":64,"h":64},"pivot":{"x":0.5,"y":0.5}},"6,10":{"frame":{"x":320,"y":576,"w":64,"h":64},"rotated":false,"trimmed":false,"spriteSourceSize":{"x":320,"y":576,"w":64,"h":64},"sourceSize":{"w":64,"h":64},"pivot":{"x":0.5,"y":0.5}},"6,11":{"frame":{"x":320,"y":640,"w":64,"h":64},"rotated":false,"trimmed":false,"spriteSourceSize":{"x":320,"y":640,"w":64,"h":64},"sourceSize":{"w":64,"h":64},"pivot":{"x":0.5,"y":0.5}},"6,12":{"frame":{"x":320,"y":704,"w":64,"h":64},"rotated":false,"trimmed":false,"spriteSourceSize":{"x":320,"y":704,"w":64,"h":64},"sourceSize":{"w":64,"h":64},"pivot":{"x":0.5,"y":0.5}},"6,13":{"frame":{"x":320,"y":768,"w":64,"h":64},"rotated":false,"trimmed":false,"spriteSourceSize":{"x":320,"y":768,"w":64,"h":64},"sourceSize":{"w":64,"h":64},"pivot":{"x":0.5,"y":0.5}},"6,14":{"frame":{"x":320,"y":832,"w":64,"h":64},"rotated":false,"trimmed":false,"spriteSourceSize":{"x":320,"y":832,"w":64,"h":64},"sourceSize":{"w":64,"h":64},"pivot":{"x":0.5,"y":0.5}},"6,15":{"frame":{"x":320,"y":896,"w":64,"h":64},"rotated":false,"trimmed":false,"spriteSourceSize":{"x":320,"y":896,"w":64,"h":64},"sourceSize":{"w":64,"h":64},"pivot":{"x":0.5,"y":0.5}},"6,16":{"frame":{"x":320,"y":960,"w":64,"h":64},"rotated":false,"trimmed":false,"spriteSourceSize":{"x":320,"y":960,"w":64,"h":64},"sourceSize":{"w":64,"h":64},"pivot":{"x":0.5,"y":0.5}},"7,1":{"frame":{"x":384,"y":0,"w":64,"h":64},"rotated":false,"trimmed":false,"spriteSourceSize":{"x":384,"y":0,"w":64,"h":64},"sourceSize":{"w":64,"h":64},"pivot":{"x":0.5,"y":0.5}},"7,2":{"frame":{"x":384,"y":64,"w":64,"h":64},"rotated":false,"trimmed":false,"spriteSourceSize":{"x":384,"y":64,"w":64,"h":64},"sourceSize":{"w":64,"h":64},"pivot":{"x":0.5,"y":0.5}},"7,3":{"frame":{"x":384,"y":128,"w":64,"h":64},"rotated":false,"trimmed":false,"spriteSourceSize":{"x":384,"y":128,"w":64,"h":64},"sourceSize":{"w":64,"h":64},"pivot":{"x":0.5,"y":0.5}},"7,4":{"frame":{"x":384,"y":192,"w":64,"h":64},"rotated":false,"trimmed":false,"spriteSourceSize":{"x":384,"y":192,"w":64,"h":64},"sourceSize":{"w":64,"h":64},"pivot":{"x":0.5,"y":0.5}},"7,5":{"frame":{"x":384,"y":256,"w":64,"h":64},"rotated":false,"trimmed":false,"spriteSourceSize":{"x":384,"y":256,"w":64,"h":64},"sourceSize":{"w":64,"h":64},"pivot":{"x":0.5,"y":0.5}},"7,6":{"frame":{"x":384,"y":320,"w":64,"h":64},"rotated":false,"trimmed":false,"spriteSourceSize":{"x":384,"y":320,"w":64,"h":64},"sourceSize":{"w":64,"h":64},"pivot":{"x":0.5,"y":0.5}},"7,7":{"frame":{"x":384,"y":384,"w":64,"h":64},"rotated":false,"trimmed":false,"spriteSourceSize":{"x":384,"y":384,"w":64,"h":64},"sourceSize":{"w":64,"h":64},"pivot":{"x":0.5,"y":0.5}},"7,8":{"frame":{"x":384,"y":448,"w":64,"h":64},"rotated":false,"trimmed":false,"spriteSourceSize":{"x":384,"y":448,"w":64,"h":64},"sourceSize":{"w":64,"h":64},"pivot":{"x":0.5,"y":0.5}},"7,9":{"frame":{"x":384,"y":512,"w":64,"h":64},"rotated":false,"trimmed":false,"spriteSourceSize":{"x":384,"y":512,"w":64,"h":64},"sourceSize":{"w":64,"h":64},"pivot":{"x":0.5,"y":0.5}},"7,10":{"frame":{"x":384,"y":576,"w":64,"h":64},"rotated":false,"trimmed":false,"spriteSourceSize":{"x":384,"y":576,"w":64,"h":64},"sourceSize":{"w":64,"h":64},"pivot":{"x":0.5,"y":0.5}},"7,11":{"frame":{"x":384,"y":640,"w":64,"h":64},"rotated":false,"trimmed":false,"spriteSourceSize":{"x":384,"y":640,"w":64,"h":64},"sourceSize":{"w":64,"h":64},"pivot":{"x":0.5,"y":0.5}},"7,12":{"frame":{"x":384,"y":704,"w":64,"h":64},"rotated":false,"trimmed":false,"spriteSourceSize":{"x":384,"y":704,"w":64,"h":64},"sourceSize":{"w":64,"h":64},"pivot":{"x":0.5,"y":0.5}},"7,13":{"frame":{"x":384,"y":768,"w":64,"h":64},"rotated":false,"trimmed":false,"spriteSourceSize":{"x":384,"y":768,"w":64,"h":64},"sourceSize":{"w":64,"h":64},"pivot":{"x":0.5,"y":0.5}},"7,14":{"frame":{"x":384,"y":832,"w":64,"h":64},"rotated":false,"trimmed":false,"spriteSourceSize":{"x":384,"y":832,"w":64,"h":64},"sourceSize":{"w":64,"h":64},"pivot":{"x":0.5,"y":0.5}},"7,15":{"frame":{"x":384,"y":896,"w":64,"h":64},"rotated":false,"trimmed":false,"spriteSourceSize":{"x":384,"y":896,"w":64,"h":64},"sourceSize":{"w":64,"h":64},"pivot":{"x":0.5,"y":0.5}},"7,16":{"frame":{"x":384,"y":960,"w":64,"h":64},"rotated":false,"trimmed":false,"spriteSourceSize":{"x":384,"y":960,"w":64,"h":64},"sourceSize":{"w":64,"h":64},"pivot":{"x":0.5,"y":0.5}},"8,1":{"frame":{"x":448,"y":0,"w":64,"h":64},"rotated":false,"trimmed":false,"spriteSourceSize":{"x":448,"y":0,"w":64,"h":64},"sourceSize":{"w":64,"h":64},"pivot":{"x":0.5,"y":0.5}},"8,2":{"frame":{"x":448,"y":64,"w":64,"h":64},"rotated":false,"trimmed":false,"spriteSourceSize":{"x":448,"y":64,"w":64,"h":64},"sourceSize":{"w":64,"h":64},"pivot":{"x":0.5,"y":0.5}},"8,3":{"frame":{"x":448,"y":128,"w":64,"h":64},"rotated":false,"trimmed":false,"spriteSourceSize":{"x":448,"y":128,"w":64,"h":64},"sourceSize":{"w":64,"h":64},"pivot":{"x":0.5,"y":0.5}},"8,4":{"frame":{"x":448,"y":192,"w":64,"h":64},"rotated":false,"trimmed":false,"spriteSourceSize":{"x":448,"y":192,"w":64,"h":64},"sourceSize":{"w":64,"h":64},"pivot":{"x":0.5,"y":0.5}},"8,5":{"frame":{"x":448,"y":256,"w":64,"h":64},"rotated":false,"trimmed":false,"spriteSourceSize":{"x":448,"y":256,"w":64,"h":64},"sourceSize":{"w":64,"h":64},"pivot":{"x":0.5,"y":0.5}},"8,6":{"frame":{"x":448,"y":320,"w":64,"h":64},"rotated":false,"trimmed":false,"spriteSourceSize":{"x":448,"y":320,"w":64,"h":64},"sourceSize":{"w":64,"h":64},"pivot":{"x":0.5,"y":0.5}},"8,7":{"frame":{"x":448,"y":384,"w":64,"h":64},"rotated":false,"trimmed":false,"spriteSourceSize":{"x":448,"y":384,"w":64,"h":64},"sourceSize":{"w":64,"h":64},"pivot":{"x":0.5,"y":0.5}},"8,8":{"frame":{"x":448,"y":448,"w":64,"h":64},"rotated":false,"trimmed":false,"spriteSourceSize":{"x":448,"y":448,"w":64,"h":64},"sourceSize":{"w":64,"h":64},"pivot":{"x":0.5,"y":0.5}},"8,9":{"frame":{"x":448,"y":512,"w":64,"h":64},"rotated":false,"trimmed":false,"spriteSourceSize":{"x":448,"y":512,"w":64,"h":64},"sourceSize":{"w":64,"h":64},"pivot":{"x":0.5,"y":0.5}},"8,10":{"frame":{"x":448,"y":576,"w":64,"h":64},"rotated":false,"trimmed":false,"spriteSourceSize":{"x":448,"y":576,"w":64,"h":64},"sourceSize":{"w":64,"h":64},"pivot":{"x":0.5,"y":0.5}},"8,11":{"frame":{"x":448,"y":640,"w":64,"h":64},"rotated":false,"trimmed":false,"spriteSourceSize":{"x":448,"y":640,"w":64,"h":64},"sourceSize":{"w":64,"h":64},"pivot":{"x":0.5,"y":0.5}},"8,12":{"frame":{"x":448,"y":704,"w":64,"h":64},"rotated":false,"trimmed":false,"spriteSourceSize":{"x":448,"y":704,"w":64,"h":64},"sourceSize":{"w":64,"h":64},"pivot":{"x":0.5,"y":0.5}},"8,13":{"frame":{"x":448,"y":768,"w":64,"h":64},"rotated":false,"trimmed":false,"spriteSourceSize":{"x":448,"y":768,"w":64,"h":64},"sourceSize":{"w":64,"h":64},"pivot":{"x":0.5,"y":0.5}},"8,14":{"frame":{"x":448,"y":832,"w":64,"h":64},"rotated":false,"trimmed":false,"spriteSourceSize":{"x":448,"y":832,"w":64,"h":64},"sourceSize":{"w":64,"h":64},"pivot":{"x":0.5,"y":0.5}},"8,15":{"frame":{"x":448,"y":896,"w":64,"h":64},"rotated":false,"trimmed":false,"spriteSourceSize":{"x":448,"y":896,"w":64,"h":64},"sourceSize":{"w":64,"h":64},"pivot":{"x":0.5,"y":0.5}},"8,16":{"frame":{"x":448,"y":960,"w":64,"h":64},"rotated":false,"trimmed":false,"spriteSourceSize":{"x":448,"y":960,"w":64,"h":64},"sourceSize":{"w":64,"h":64},"pivot":{"x":0.5,"y":0.5}},"9,1":{"frame":{"x":512,"y":0,"w":64,"h":64},"rotated":false,"trimmed":false,"spriteSourceSize":{"x":512,"y":0,"w":64,"h":64},"sourceSize":{"w":64,"h":64},"pivot":{"x":0.5,"y":0.5}},"9,2":{"frame":{"x":512,"y":64,"w":64,"h":64},"rotated":false,"trimmed":false,"spriteSourceSize":{"x":512,"y":64,"w":64,"h":64},"sourceSize":{"w":64,"h":64},"pivot":{"x":0.5,"y":0.5}},"9,3":{"frame":{"x":512,"y":128,"w":64,"h":64},"rotated":false,"trimmed":false,"spriteSourceSize":{"x":512,"y":128,"w":64,"h":64},"sourceSize":{"w":64,"h":64},"pivot":{"x":0.5,"y":0.5}},"9,4":{"frame":{"x":512,"y":192,"w":64,"h":64},"rotated":false,"trimmed":false,"spriteSourceSize":{"x":512,"y":192,"w":64,"h":64},"sourceSize":{"w":64,"h":64},"pivot":{"x":0.5,"y":0.5}},"9,5":{"frame":{"x":512,"y":256,"w":64,"h":64},"rotated":false,"trimmed":false,"spriteSourceSize":{"x":512,"y":256,"w":64,"h":64},"sourceSize":{"w":64,"h":64},"pivot":{"x":0.5,"y":0.5}},"9,6":{"frame":{"x":512,"y":320,"w":64,"h":64},"rotated":false,"trimmed":false,"spriteSourceSize":{"x":512,"y":320,"w":64,"h":64},"sourceSize":{"w":64,"h":64},"pivot":{"x":0.5,"y":0.5}},"9,7":{"frame":{"x":512,"y":384,"w":64,"h":64},"rotated":false,"trimmed":false,"spriteSourceSize":{"x":512,"y":384,"w":64,"h":64},"sourceSize":{"w":64,"h":64},"pivot":{"x":0.5,"y":0.5}},"9,8":{"frame":{"x":512,"y":448,"w":64,"h":64},"rotated":false,"trimmed":false,"spriteSourceSize":{"x":512,"y":448,"w":64,"h":64},"sourceSize":{"w":64,"h":64},"pivot":{"x":0.5,"y":0.5}},"9,9":{"frame":{"x":512,"y":512,"w":64,"h":64},"rotated":false,"trimmed":false,"spriteSourceSize":{"x":512,"y":512,"w":64,"h":64},"sourceSize":{"w":64,"h":64},"pivot":{"x":0.5,"y":0.5}},"9,10":{"frame":{"x":512,"y":576,"w":64,"h":64},"rotated":false,"trimmed":false,"spriteSourceSize":{"x":512,"y":576,"w":64,"h":64},"sourceSize":{"w":64,"h":64},"pivot":{"x":0.5,"y":0.5}},"9,11":{"frame":{"x":512,"y":640,"w":64,"h":64},"rotated":false,"trimmed":false,"spriteSourceSize":{"x":512,"y":640,"w":64,"h":64},"sourceSize":{"w":64,"h":64},"pivot":{"x":0.5,"y":0.5}},"9,12":{"frame":{"x":512,"y":704,"w":64,"h":64},"rotated":false,"trimmed":false,"spriteSourceSize":{"x":512,"y":704,"w":64,"h":64},"sourceSize":{"w":64,"h":64},"pivot":{"x":0.5,"y":0.5}},"9,13":{"frame":{"x":512,"y":768,"w":64,"h":64},"rotated":false,"trimmed":false,"spriteSourceSize":{"x":512,"y":768,"w":64,"h":64},"sourceSize":{"w":64,"h":64},"pivot":{"x":0.5,"y":0.5}},"9,14":{"frame":{"x":512,"y":832,"w":64,"h":64},"rotated":false,"trimmed":false,"spriteSourceSize":{"x":512,"y":832,"w":64,"h":64},"sourceSize":{"w":64,"h":64},"pivot":{"x":0.5,"y":0.5}},"9,15":{"frame":{"x":512,"y":896,"w":64,"h":64},"rotated":false,"trimmed":false,"spriteSourceSize":{"x":512,"y":896,"w":64,"h":64},"sourceSize":{"w":64,"h":64},"pivot":{"x":0.5,"y":0.5}},"9,16":{"frame":{"x":512,"y":960,"w":64,"h":64},"rotated":false,"trimmed":false,"spriteSourceSize":{"x":512,"y":960,"w":64,"h":64},"sourceSize":{"w":64,"h":64},"pivot":{"x":0.5,"y":0.5}},"10,1":{"frame":{"x":576,"y":0,"w":64,"h":64},"rotated":false,"trimmed":false,"spriteSourceSize":{"x":576,"y":0,"w":64,"h":64},"sourceSize":{"w":64,"h":64},"pivot":{"x":0.5,"y":0.5}},"10,2":{"frame":{"x":576,"y":64,"w":64,"h":64},"rotated":false,"trimmed":false,"spriteSourceSize":{"x":576,"y":64,"w":64,"h":64},"sourceSize":{"w":64,"h":64},"pivot":{"x":0.5,"y":0.5}},"10,3":{"frame":{"x":576,"y":128,"w":64,"h":64},"rotated":false,"trimmed":false,"spriteSourceSize":{"x":576,"y":128,"w":64,"h":64},"sourceSize":{"w":64,"h":64},"pivot":{"x":0.5,"y":0.5}},"10,4":{"frame":{"x":576,"y":192,"w":64,"h":64},"rotated":false,"trimmed":false,"spriteSourceSize":{"x":576,"y":192,"w":64,"h":64},"sourceSize":{"w":64,"h":64},"pivot":{"x":0.5,"y":0.5}},"10,5":{"frame":{"x":576,"y":256,"w":64,"h":64},"rotated":false,"trimmed":false,"spriteSourceSize":{"x":576,"y":256,"w":64,"h":64},"sourceSize":{"w":64,"h":64},"pivot":{"x":0.5,"y":0.5}},"10,6":{"frame":{"x":576,"y":320,"w":64,"h":64},"rotated":false,"trimmed":false,"spriteSourceSize":{"x":576,"y":320,"w":64,"h":64},"sourceSize":{"w":64,"h":64},"pivot":{"x":0.5,"y":0.5}},"10,7":{"frame":{"x":576,"y":384,"w":64,"h":64},"rotated":false,"trimmed":false,"spriteSourceSize":{"x":576,"y":384,"w":64,"h":64},"sourceSize":{"w":64,"h":64},"pivot":{"x":0.5,"y":0.5}},"10,8":{"frame":{"x":576,"y":448,"w":64,"h":64},"rotated":false,"trimmed":false,"spriteSourceSize":{"x":576,"y":448,"w":64,"h":64},"sourceSize":{"w":64,"h":64},"pivot":{"x":0.5,"y":0.5}},"10,9":{"frame":{"x":576,"y":512,"w":64,"h":64},"rotated":false,"trimmed":false,"spriteSourceSize":{"x":576,"y":512,"w":64,"h":64},"sourceSize":{"w":64,"h":64},"pivot":{"x":0.5,"y":0.5}},"10,10":{"frame":{"x":576,"y":576,"w":64,"h":64},"rotated":false,"trimmed":false,"spriteSourceSize":{"x":576,"y":576,"w":64,"h":64},"sourceSize":{"w":64,"h":64},"pivot":{"x":0.5,"y":0.5}},"10,11":{"frame":{"x":576,"y":640,"w":64,"h":64},"rotated":false,"trimmed":false,"spriteSourceSize":{"x":576,"y":640,"w":64,"h":64},"sourceSize":{"w":64,"h":64},"pivot":{"x":0.5,"y":0.5}},"10,12":{"frame":{"x":576,"y":704,"w":64,"h":64},"rotated":false,"trimmed":false,"spriteSourceSize":{"x":576,"y":704,"w":64,"h":64},"sourceSize":{"w":64,"h":64},"pivot":{"x":0.5,"y":0.5}},"10,13":{"frame":{"x":576,"y":768,"w":64,"h":64},"rotated":false,"trimmed":false,"spriteSourceSize":{"x":576,"y":768,"w":64,"h":64},"sourceSize":{"w":64,"h":64},"pivot":{"x":0.5,"y":0.5}},"10,14":{"frame":{"x":576,"y":832,"w":64,"h":64},"rotated":false,"trimmed":false,"spriteSourceSize":{"x":576,"y":832,"w":64,"h":64},"sourceSize":{"w":64,"h":64},"pivot":{"x":0.5,"y":0.5}},"10,15":{"frame":{"x":576,"y":896,"w":64,"h":64},"rotated":false,"trimmed":false,"spriteSourceSize":{"x":576,"y":896,"w":64,"h":64},"sourceSize":{"w":64,"h":64},"pivot":{"x":0.5,"y":0.5}},"10,16":{"frame":{"x":576,"y":960,"w":64,"h":64},"rotated":false,"trimmed":false,"spriteSourceSize":{"x":576,"y":960,"w":64,"h":64},"sourceSize":{"w":64,"h":64},"pivot":{"x":0.5,"y":0.5}},"11,1":{"frame":{"x":640,"y":0,"w":64,"h":64},"rotated":false,"trimmed":false,"spriteSourceSize":{"x":640,"y":0,"w":64,"h":64},"sourceSize":{"w":64,"h":64},"pivot":{"x":0.5,"y":0.5}},"11,2":{"frame":{"x":640,"y":64,"w":64,"h":64},"rotated":false,"trimmed":false,"spriteSourceSize":{"x":640,"y":64,"w":64,"h":64},"sourceSize":{"w":64,"h":64},"pivot":{"x":0.5,"y":0.5}},"11,3":{"frame":{"x":640,"y":128,"w":64,"h":64},"rotated":false,"trimmed":false,"spriteSourceSize":{"x":640,"y":128,"w":64,"h":64},"sourceSize":{"w":64,"h":64},"pivot":{"x":0.5,"y":0.5}},"11,4":{"frame":{"x":640,"y":192,"w":64,"h":64},"rotated":false,"trimmed":false,"spriteSourceSize":{"x":640,"y":192,"w":64,"h":64},"sourceSize":{"w":64,"h":64},"pivot":{"x":0.5,"y":0.5}},"11,5":{"frame":{"x":640,"y":256,"w":64,"h":64},"rotated":false,"trimmed":false,"spriteSourceSize":{"x":640,"y":256,"w":64,"h":64},"sourceSize":{"w":64,"h":64},"pivot":{"x":0.5,"y":0.5}},"11,6":{"frame":{"x":640,"y":320,"w":64,"h":64},"rotated":false,"trimmed":false,"spriteSourceSize":{"x":640,"y":320,"w":64,"h":64},"sourceSize":{"w":64,"h":64},"pivot":{"x":0.5,"y":0.5}},"11,7":{"frame":{"x":640,"y":384,"w":64,"h":64},"rotated":false,"trimmed":false,"spriteSourceSize":{"x":640,"y":384,"w":64,"h":64},"sourceSize":{"w":64,"h":64},"pivot":{"x":0.5,"y":0.5}},"11,8":{"frame":{"x":640,"y":448,"w":64,"h":64},"rotated":false,"trimmed":false,"spriteSourceSize":{"x":640,"y":448,"w":64,"h":64},"sourceSize":{"w":64,"h":64},"pivot":{"x":0.5,"y":0.5}},"11,9":{"frame":{"x":640,"y":512,"w":64,"h":64},"rotated":false,"trimmed":false,"spriteSourceSize":{"x":640,"y":512,"w":64,"h":64},"sourceSize":{"w":64,"h":64},"pivot":{"x":0.5,"y":0.5}},"11,10":{"frame":{"x":640,"y":576,"w":64,"h":64},"rotated":false,"trimmed":false,"spriteSourceSize":{"x":640,"y":576,"w":64,"h":64},"sourceSize":{"w":64,"h":64},"pivot":{"x":0.5,"y":0.5}},"11,11":{"frame":{"x":640,"y":640,"w":64,"h":64},"rotated":false,"trimmed":false,"spriteSourceSize":{"x":640,"y":640,"w":64,"h":64},"sourceSize":{"w":64,"h":64},"pivot":{"x":0.5,"y":0.5}},"11,12":{"frame":{"x":640,"y":704,"w":64,"h":64},"rotated":false,"trimmed":false,"spriteSourceSize":{"x":640,"y":704,"w":64,"h":64},"sourceSize":{"w":64,"h":64},"pivot":{"x":0.5,"y":0.5}},"11,13":{"frame":{"x":640,"y":768,"w":64,"h":64},"rotated":false,"trimmed":false,"spriteSourceSize":{"x":640,"y":768,"w":64,"h":64},"sourceSize":{"w":64,"h":64},"pivot":{"x":0.5,"y":0.5}},"11,14":{"frame":{"x":640,"y":832,"w":64,"h":64},"rotated":false,"trimmed":false,"spriteSourceSize":{"x":640,"y":832,"w":64,"h":64},"sourceSize":{"w":64,"h":64},"pivot":{"x":0.5,"y":0.5}},"11,15":{"frame":{"x":640,"y":896,"w":64,"h":64},"rotated":false,"trimmed":false,"spriteSourceSize":{"x":640,"y":896,"w":64,"h":64},"sourceSize":{"w":64,"h":64},"pivot":{"x":0.5,"y":0.5}},"11,16":{"frame":{"x":640,"y":960,"w":64,"h":64},"rotated":false,"trimmed":false,"spriteSourceSize":{"x":640,"y":960,"w":64,"h":64},"sourceSize":{"w":64,"h":64},"pivot":{"x":0.5,"y":0.5}},"12,1":{"frame":{"x":704,"y":0,"w":64,"h":64},"rotated":false,"trimmed":false,"spriteSourceSize":{"x":704,"y":0,"w":64,"h":64},"sourceSize":{"w":64,"h":64},"pivot":{"x":0.5,"y":0.5}},"12,2":{"frame":{"x":704,"y":64,"w":64,"h":64},"rotated":false,"trimmed":false,"spriteSourceSize":{"x":704,"y":64,"w":64,"h":64},"sourceSize":{"w":64,"h":64},"pivot":{"x":0.5,"y":0.5}},"12,3":{"frame":{"x":704,"y":128,"w":64,"h":64},"rotated":false,"trimmed":false,"spriteSourceSize":{"x":704,"y":128,"w":64,"h":64},"sourceSize":{"w":64,"h":64},"pivot":{"x":0.5,"y":0.5}},"12,4":{"frame":{"x":704,"y":192,"w":64,"h":64},"rotated":false,"trimmed":false,"spriteSourceSize":{"x":704,"y":192,"w":64,"h":64},"sourceSize":{"w":64,"h":64},"pivot":{"x":0.5,"y":0.5}},"12,5":{"frame":{"x":704,"y":256,"w":64,"h":64},"rotated":false,"trimmed":false,"spriteSourceSize":{"x":704,"y":256,"w":64,"h":64},"sourceSize":{"w":64,"h":64},"pivot":{"x":0.5,"y":0.5}},"12,6":{"frame":{"x":704,"y":320,"w":64,"h":64},"rotated":false,"trimmed":false,"spriteSourceSize":{"x":704,"y":320,"w":64,"h":64},"sourceSize":{"w":64,"h":64},"pivot":{"x":0.5,"y":0.5}},"12,7":{"frame":{"x":704,"y":384,"w":64,"h":64},"rotated":false,"trimmed":false,"spriteSourceSize":{"x":704,"y":384,"w":64,"h":64},"sourceSize":{"w":64,"h":64},"pivot":{"x":0.5,"y":0.5}},"12,8":{"frame":{"x":704,"y":448,"w":64,"h":64},"rotated":false,"trimmed":false,"spriteSourceSize":{"x":704,"y":448,"w":64,"h":64},"sourceSize":{"w":64,"h":64},"pivot":{"x":0.5,"y":0.5}},"12,9":{"frame":{"x":704,"y":512,"w":64,"h":64},"rotated":false,"trimmed":false,"spriteSourceSize":{"x":704,"y":512,"w":64,"h":64},"sourceSize":{"w":64,"h":64},"pivot":{"x":0.5,"y":0.5}},"12,10":{"frame":{"x":704,"y":576,"w":64,"h":64},"rotated":false,"trimmed":false,"spriteSourceSize":{"x":704,"y":576,"w":64,"h":64},"sourceSize":{"w":64,"h":64},"pivot":{"x":0.5,"y":0.5}},"12,11":{"frame":{"x":704,"y":640,"w":64,"h":64},"rotated":false,"trimmed":false,"spriteSourceSize":{"x":704,"y":640,"w":64,"h":64},"sourceSize":{"w":64,"h":64},"pivot":{"x":0.5,"y":0.5}},"12,12":{"frame":{"x":704,"y":704,"w":64,"h":64},"rotated":false,"trimmed":false,"spriteSourceSize":{"x":704,"y":704,"w":64,"h":64},"sourceSize":{"w":64,"h":64},"pivot":{"x":0.5,"y":0.5}},"12,13":{"frame":{"x":704,"y":768,"w":64,"h":64},"rotated":false,"trimmed":false,"spriteSourceSize":{"x":704,"y":768,"w":64,"h":64},"sourceSize":{"w":64,"h":64},"pivot":{"x":0.5,"y":0.5}},"12,14":{"frame":{"x":704,"y":832,"w":64,"h":64},"rotated":false,"trimmed":false,"spriteSourceSize":{"x":704,"y":832,"w":64,"h":64},"sourceSize":{"w":64,"h":64},"pivot":{"x":0.5,"y":0.5}},"12,15":{"frame":{"x":704,"y":896,"w":64,"h":64},"rotated":false,"trimmed":false,"spriteSourceSize":{"x":704,"y":896,"w":64,"h":64},"sourceSize":{"w":64,"h":64},"pivot":{"x":0.5,"y":0.5}},"12,16":{"frame":{"x":704,"y":960,"w":64,"h":64},"rotated":false,"trimmed":false,"spriteSourceSize":{"x":704,"y":960,"w":64,"h":64},"sourceSize":{"w":64,"h":64},"pivot":{"x":0.5,"y":0.5}},"13,1":{"frame":{"x":768,"y":0,"w":64,"h":64},"rotated":false,"trimmed":false,"spriteSourceSize":{"x":768,"y":0,"w":64,"h":64},"sourceSize":{"w":64,"h":64},"pivot":{"x":0.5,"y":0.5}},"13,2":{"frame":{"x":768,"y":64,"w":64,"h":64},"rotated":false,"trimmed":false,"spriteSourceSize":{"x":768,"y":64,"w":64,"h":64},"sourceSize":{"w":64,"h":64},"pivot":{"x":0.5,"y":0.5}},"13,3":{"frame":{"x":768,"y":128,"w":64,"h":64},"rotated":false,"trimmed":false,"spriteSourceSize":{"x":768,"y":128,"w":64,"h":64},"sourceSize":{"w":64,"h":64},"pivot":{"x":0.5,"y":0.5}},"13,4":{"frame":{"x":768,"y":192,"w":64,"h":64},"rotated":false,"trimmed":false,"spriteSourceSize":{"x":768,"y":192,"w":64,"h":64},"sourceSize":{"w":64,"h":64},"pivot":{"x":0.5,"y":0.5}},"13,5":{"frame":{"x":768,"y":256,"w":64,"h":64},"rotated":false,"trimmed":false,"spriteSourceSize":{"x":768,"y":256,"w":64,"h":64},"sourceSize":{"w":64,"h":64},"pivot":{"x":0.5,"y":0.5}},"13,6":{"frame":{"x":768,"y":320,"w":64,"h":64},"rotated":false,"trimmed":false,"spriteSourceSize":{"x":768,"y":320,"w":64,"h":64},"sourceSize":{"w":64,"h":64},"pivot":{"x":0.5,"y":0.5}},"13,7":{"frame":{"x":768,"y":384,"w":64,"h":64},"rotated":false,"trimmed":false,"spriteSourceSize":{"x":768,"y":384,"w":64,"h":64},"sourceSize":{"w":64,"h":64},"pivot":{"x":0.5,"y":0.5}},"13,8":{"frame":{"x":768,"y":448,"w":64,"h":64},"rotated":false,"trimmed":false,"spriteSourceSize":{"x":768,"y":448,"w":64,"h":64},"sourceSize":{"w":64,"h":64},"pivot":{"x":0.5,"y":0.5}},"13,9":{"frame":{"x":768,"y":512,"w":64,"h":64},"rotated":false,"trimmed":false,"spriteSourceSize":{"x":768,"y":512,"w":64,"h":64},"sourceSize":{"w":64,"h":64},"pivot":{"x":0.5,"y":0.5}},"13,10":{"frame":{"x":768,"y":576,"w":64,"h":64},"rotated":false,"trimmed":false,"spriteSourceSize":{"x":768,"y":576,"w":64,"h":64},"sourceSize":{"w":64,"h":64},"pivot":{"x":0.5,"y":0.5}},"13,11":{"frame":{"x":768,"y":640,"w":64,"h":64},"rotated":false,"trimmed":false,"spriteSourceSize":{"x":768,"y":640,"w":64,"h":64},"sourceSize":{"w":64,"h":64},"pivot":{"x":0.5,"y":0.5}},"13,12":{"frame":{"x":768,"y":704,"w":64,"h":64},"rotated":false,"trimmed":false,"spriteSourceSize":{"x":768,"y":704,"w":64,"h":64},"sourceSize":{"w":64,"h":64},"pivot":{"x":0.5,"y":0.5}},"13,13":{"frame":{"x":768,"y":768,"w":64,"h":64},"rotated":false,"trimmed":false,"spriteSourceSize":{"x":768,"y":768,"w":64,"h":64},"sourceSize":{"w":64,"h":64},"pivot":{"x":0.5,"y":0.5}},"13,14":{"frame":{"x":768,"y":832,"w":64,"h":64},"rotated":false,"trimmed":false,"spriteSourceSize":{"x":768,"y":832,"w":64,"h":64},"sourceSize":{"w":64,"h":64},"pivot":{"x":0.5,"y":0.5}},"13,15":{"frame":{"x":768,"y":896,"w":64,"h":64},"rotated":false,"trimmed":false,"spriteSourceSize":{"x":768,"y":896,"w":64,"h":64},"sourceSize":{"w":64,"h":64},"pivot":{"x":0.5,"y":0.5}},"13,16":{"frame":{"x":768,"y":960,"w":64,"h":64},"rotated":false,"trimmed":false,"spriteSourceSize":{"x":768,"y":960,"w":64,"h":64},"sourceSize":{"w":64,"h":64},"pivot":{"x":0.5,"y":0.5}},"14,1":{"frame":{"x":832,"y":0,"w":64,"h":64},"rotated":false,"trimmed":false,"spriteSourceSize":{"x":832,"y":0,"w":64,"h":64},"sourceSize":{"w":64,"h":64},"pivot":{"x":0.5,"y":0.5}},"14,2":{"frame":{"x":832,"y":64,"w":64,"h":64},"rotated":false,"trimmed":false,"spriteSourceSize":{"x":832,"y":64,"w":64,"h":64},"sourceSize":{"w":64,"h":64},"pivot":{"x":0.5,"y":0.5}},"14,3":{"frame":{"x":832,"y":128,"w":64,"h":64},"rotated":false,"trimmed":false,"spriteSourceSize":{"x":832,"y":128,"w":64,"h":64},"sourceSize":{"w":64,"h":64},"pivot":{"x":0.5,"y":0.5}},"14,4":{"frame":{"x":832,"y":192,"w":64,"h":64},"rotated":false,"trimmed":false,"spriteSourceSize":{"x":832,"y":192,"w":64,"h":64},"sourceSize":{"w":64,"h":64},"pivot":{"x":0.5,"y":0.5}},"14,5":{"frame":{"x":832,"y":256,"w":64,"h":64},"rotated":false,"trimmed":false,"spriteSourceSize":{"x":832,"y":256,"w":64,"h":64},"sourceSize":{"w":64,"h":64},"pivot":{"x":0.5,"y":0.5}},"14,6":{"frame":{"x":832,"y":320,"w":64,"h":64},"rotated":false,"trimmed":false,"spriteSourceSize":{"x":832,"y":320,"w":64,"h":64},"sourceSize":{"w":64,"h":64},"pivot":{"x":0.5,"y":0.5}},"14,7":{"frame":{"x":832,"y":384,"w":64,"h":64},"rotated":false,"trimmed":false,"spriteSourceSize":{"x":832,"y":384,"w":64,"h":64},"sourceSize":{"w":64,"h":64},"pivot":{"x":0.5,"y":0.5}},"14,8":{"frame":{"x":832,"y":448,"w":64,"h":64},"rotated":false,"trimmed":false,"spriteSourceSize":{"x":832,"y":448,"w":64,"h":64},"sourceSize":{"w":64,"h":64},"pivot":{"x":0.5,"y":0.5}},"14,9":{"frame":{"x":832,"y":512,"w":64,"h":64},"rotated":false,"trimmed":false,"spriteSourceSize":{"x":832,"y":512,"w":64,"h":64},"sourceSize":{"w":64,"h":64},"pivot":{"x":0.5,"y":0.5}},"14,10":{"frame":{"x":832,"y":576,"w":64,"h":64},"rotated":false,"trimmed":false,"spriteSourceSize":{"x":832,"y":576,"w":64,"h":64},"sourceSize":{"w":64,"h":64},"pivot":{"x":0.5,"y":0.5}},"14,11":{"frame":{"x":832,"y":640,"w":64,"h":64},"rotated":false,"trimmed":false,"spriteSourceSize":{"x":832,"y":640,"w":64,"h":64},"sourceSize":{"w":64,"h":64},"pivot":{"x":0.5,"y":0.5}},"14,12":{"frame":{"x":832,"y":704,"w":64,"h":64},"rotated":false,"trimmed":false,"spriteSourceSize":{"x":832,"y":704,"w":64,"h":64},"sourceSize":{"w":64,"h":64},"pivot":{"x":0.5,"y":0.5}},"14,13":{"frame":{"x":832,"y":768,"w":64,"h":64},"rotated":false,"trimmed":false,"spriteSourceSize":{"x":832,"y":768,"w":64,"h":64},"sourceSize":{"w":64,"h":64},"pivot":{"x":0.5,"y":0.5}},"14,14":{"frame":{"x":832,"y":832,"w":64,"h":64},"rotated":false,"trimmed":false,"spriteSourceSize":{"x":832,"y":832,"w":64,"h":64},"sourceSize":{"w":64,"h":64},"pivot":{"x":0.5,"y":0.5}},"14,15":{"frame":{"x":832,"y":896,"w":64,"h":64},"rotated":false,"trimmed":false,"spriteSourceSize":{"x":832,"y":896,"w":64,"h":64},"sourceSize":{"w":64,"h":64},"pivot":{"x":0.5,"y":0.5}},"14,16":{"frame":{"x":832,"y":960,"w":64,"h":64},"rotated":false,"trimmed":false,"spriteSourceSize":{"x":832,"y":960,"w":64,"h":64},"sourceSize":{"w":64,"h":64},"pivot":{"x":0.5,"y":0.5}},"15,1":{"frame":{"x":896,"y":0,"w":64,"h":64},"rotated":false,"trimmed":false,"spriteSourceSize":{"x":896,"y":0,"w":64,"h":64},"sourceSize":{"w":64,"h":64},"pivot":{"x":0.5,"y":0.5}},"15,2":{"frame":{"x":896,"y":64,"w":64,"h":64},"rotated":false,"trimmed":false,"spriteSourceSize":{"x":896,"y":64,"w":64,"h":64},"sourceSize":{"w":64,"h":64},"pivot":{"x":0.5,"y":0.5}},"15,3":{"frame":{"x":896,"y":128,"w":64,"h":64},"rotated":false,"trimmed":false,"spriteSourceSize":{"x":896,"y":128,"w":64,"h":64},"sourceSize":{"w":64,"h":64},"pivot":{"x":0.5,"y":0.5}},"15,4":{"frame":{"x":896,"y":192,"w":64,"h":64},"rotated":false,"trimmed":false,"spriteSourceSize":{"x":896,"y":192,"w":64,"h":64},"sourceSize":{"w":64,"h":64},"pivot":{"x":0.5,"y":0.5}},"15,5":{"frame":{"x":896,"y":256,"w":64,"h":64},"rotated":false,"trimmed":false,"spriteSourceSize":{"x":896,"y":256,"w":64,"h":64},"sourceSize":{"w":64,"h":64},"pivot":{"x":0.5,"y":0.5}},"15,6":{"frame":{"x":896,"y":320,"w":64,"h":64},"rotated":false,"trimmed":false,"spriteSourceSize":{"x":896,"y":320,"w":64,"h":64},"sourceSize":{"w":64,"h":64},"pivot":{"x":0.5,"y":0.5}},"15,7":{"frame":{"x":896,"y":384,"w":64,"h":64},"rotated":false,"trimmed":false,"spriteSourceSize":{"x":896,"y":384,"w":64,"h":64},"sourceSize":{"w":64,"h":64},"pivot":{"x":0.5,"y":0.5}},"15,8":{"frame":{"x":896,"y":448,"w":64,"h":64},"rotated":false,"trimmed":false,"spriteSourceSize":{"x":896,"y":448,"w":64,"h":64},"sourceSize":{"w":64,"h":64},"pivot":{"x":0.5,"y":0.5}},"15,9":{"frame":{"x":896,"y":512,"w":64,"h":64},"rotated":false,"trimmed":false,"spriteSourceSize":{"x":896,"y":512,"w":64,"h":64},"sourceSize":{"w":64,"h":64},"pivot":{"x":0.5,"y":0.5}},"15,10":{"frame":{"x":896,"y":576,"w":64,"h":64},"rotated":false,"trimmed":false,"spriteSourceSize":{"x":896,"y":576,"w":64,"h":64},"sourceSize":{"w":64,"h":64},"pivot":{"x":0.5,"y":0.5}},"15,11":{"frame":{"x":896,"y":640,"w":64,"h":64},"rotated":false,"trimmed":false,"spriteSourceSize":{"x":896,"y":640,"w":64,"h":64},"sourceSize":{"w":64,"h":64},"pivot":{"x":0.5,"y":0.5}},"15,12":{"frame":{"x":896,"y":704,"w":64,"h":64},"rotated":false,"trimmed":false,"spriteSourceSize":{"x":896,"y":704,"w":64,"h":64},"sourceSize":{"w":64,"h":64},"pivot":{"x":0.5,"y":0.5}},"15,13":{"frame":{"x":896,"y":768,"w":64,"h":64},"rotated":false,"trimmed":false,"spriteSourceSize":{"x":896,"y":768,"w":64,"h":64},"sourceSize":{"w":64,"h":64},"pivot":{"x":0.5,"y":0.5}},"15,14":{"frame":{"x":896,"y":832,"w":64,"h":64},"rotated":false,"trimmed":false,"spriteSourceSize":{"x":896,"y":832,"w":64,"h":64},"sourceSize":{"w":64,"h":64},"pivot":{"x":0.5,"y":0.5}},"15,15":{"frame":{"x":896,"y":896,"w":64,"h":64},"rotated":false,"trimmed":false,"spriteSourceSize":{"x":896,"y":896,"w":64,"h":64},"sourceSize":{"w":64,"h":64},"pivot":{"x":0.5,"y":0.5}},"15,16":{"frame":{"x":896,"y":960,"w":64,"h":64},"rotated":false,"trimmed":false,"spriteSourceSize":{"x":896,"y":960,"w":64,"h":64},"sourceSize":{"w":64,"h":64},"pivot":{"x":0.5,"y":0.5}},"16,1":{"frame":{"x":960,"y":0,"w":64,"h":64},"rotated":false,"trimmed":false,"spriteSourceSize":{"x":960,"y":0,"w":64,"h":64},"sourceSize":{"w":64,"h":64},"pivot":{"x":0.5,"y":0.5}},"16,2":{"frame":{"x":960,"y":64,"w":64,"h":64},"rotated":false,"trimmed":false,"spriteSourceSize":{"x":960,"y":64,"w":64,"h":64},"sourceSize":{"w":64,"h":64},"pivot":{"x":0.5,"y":0.5}},"16,3":{"frame":{"x":960,"y":128,"w":64,"h":64},"rotated":false,"trimmed":false,"spriteSourceSize":{"x":960,"y":128,"w":64,"h":64},"sourceSize":{"w":64,"h":64},"pivot":{"x":0.5,"y":0.5}},"16,4":{"frame":{"x":960,"y":192,"w":64,"h":64},"rotated":false,"trimmed":false,"spriteSourceSize":{"x":960,"y":192,"w":64,"h":64},"sourceSize":{"w":64,"h":64},"pivot":{"x":0.5,"y":0.5}},"16,5":{"frame":{"x":960,"y":256,"w":64,"h":64},"rotated":false,"trimmed":false,"spriteSourceSize":{"x":960,"y":256,"w":64,"h":64},"sourceSize":{"w":64,"h":64},"pivot":{"x":0.5,"y":0.5}},"16,6":{"frame":{"x":960,"y":320,"w":64,"h":64},"rotated":false,"trimmed":false,"spriteSourceSize":{"x":960,"y":320,"w":64,"h":64},"sourceSize":{"w":64,"h":64},"pivot":{"x":0.5,"y":0.5}},"16,7":{"frame":{"x":960,"y":384,"w":64,"h":64},"rotated":false,"trimmed":false,"spriteSourceSize":{"x":960,"y":384,"w":64,"h":64},"sourceSize":{"w":64,"h":64},"pivot":{"x":0.5,"y":0.5}},"16,8":{"frame":{"x":960,"y":448,"w":64,"h":64},"rotated":false,"trimmed":false,"spriteSourceSize":{"x":960,"y":448,"w":64,"h":64},"sourceSize":{"w":64,"h":64},"pivot":{"x":0.5,"y":0.5}},"16,9":{"frame":{"x":960,"y":512,"w":64,"h":64},"rotated":false,"trimmed":false,"spriteSourceSize":{"x":960,"y":512,"w":64,"h":64},"sourceSize":{"w":64,"h":64},"pivot":{"x":0.5,"y":0.5}},"16,10":{"frame":{"x":960,"y":576,"w":64,"h":64},"rotated":false,"trimmed":false,"spriteSourceSize":{"x":960,"y":576,"w":64,"h":64},"sourceSize":{"w":64,"h":64},"pivot":{"x":0.5,"y":0.5}},"16,11":{"frame":{"x":960,"y":640,"w":64,"h":64},"rotated":false,"trimmed":false,"spriteSourceSize":{"x":960,"y":640,"w":64,"h":64},"sourceSize":{"w":64,"h":64},"pivot":{"x":0.5,"y":0.5}},"16,12":{"frame":{"x":960,"y":704,"w":64,"h":64},"rotated":false,"trimmed":false,"spriteSourceSize":{"x":960,"y":704,"w":64,"h":64},"sourceSize":{"w":64,"h":64},"pivot":{"x":0.5,"y":0.5}},"16,13":{"frame":{"x":960,"y":768,"w":64,"h":64},"rotated":false,"trimmed":false,"spriteSourceSize":{"x":960,"y":768,"w":64,"h":64},"sourceSize":{"w":64,"h":64},"pivot":{"x":0.5,"y":0.5}},"16,14":{"frame":{"x":960,"y":832,"w":64,"h":64},"rotated":false,"trimmed":false,"spriteSourceSize":{"x":960,"y":832,"w":64,"h":64},"sourceSize":{"w":64,"h":64},"pivot":{"x":0.5,"y":0.5}},"16,15":{"frame":{"x":960,"y":896,"w":64,"h":64},"rotated":false,"trimmed":false,"spriteSourceSize":{"x":960,"y":896,"w":64,"h":64},"sourceSize":{"w":64,"h":64},"pivot":{"x":0.5,"y":0.5}},"16,16":{"frame":{"x":960,"y":960,"w":64,"h":64},"rotated":false,"trimmed":false,"spriteSourceSize":{"x":960,"y":960,"w":64,"h":64},"sourceSize":{"w":64,"h":64},"pivot":{"x":0.5,"y":0.5}}},"meta":{"app":"Jammys fudge packer","version":"1.0","image":"png/tileset.png","format":"RGBA8888","size":{"w":1088,"h":1216},"scale":"1"}}